{
  "usage": "الاستخدام: /se او /switchelement <العنصر>",
  "invalidElement": "عنصر غير صالح",
  "changeSuccess": " %s تم تغيير المسافر بنجاح إلى ",
  "changeFailed": "فشل في تغيير العنصر",
  "failedSuccess": "تم تغيير المسافر بنجاح إلى %s ، ولكنه فشل في إعادة تحميل المشهد. إعادة تحميل المشهد يدويا لرؤية التغيير",
  "invalidCons": "رقم كوكبة غير صالح"
}