{
    "usage": "Использование: /se или /switchelement <элемент> <номер созвездия [0-6]>",
    "invalidElement": "Недопустимый элемент",
    "changeSuccess": "Успешно сменил путешественника на %s",
    "changeFailed": "Не удалось изменить элемент",
    "failedSuccess": "Успешно сменил путешественника %s, но не удалось перезагрузить сцену. Вручную перезагрузите сцену, чтобы увидеть изменения.",
    "invalidCons": "Неверный номер созвездия"
}